variant15064.c,variant15064_1.c,variant15064_4.c,variant15064_3.c,variant15064_8.c,variant15064_5.c,variant15064_2.c,variant15064_7.c,variant15064_6.c
variant15381.c,variant15381_4.c,variant15381_7.c,variant15381_5.c,variant15381_6.c,variant15381_2.c,variant15381_3.c,variant15381_1.c,variant15381_8.c
variant15946.c,variant15946_2.c,variant15946_1.c,variant15946_3.c,variant15946_6.c,variant15946_5.c,variant15946_4.c,variant15946_7.c,variant15946_8.c
variant9880.c,variant9880_2.c,variant9880_6.c,variant9880_8.c,variant9880_5.c,variant9880_4.c,variant9880_3.c,variant9880_7.c,variant9880_1.c
variant12646.c,variant12646_3.c,variant12646_2.c
variant11248.c,variant11248_8.c
variant4115.c,variant4115_5.c,variant4115_4.c
variant19358.c,variant19358_2.c,variant19358_4.c
variant5036.c,variant5036_4.c
variant8421.c,variant8421_7.c,variant8421_8.c,variant8421_5.c,variant8421_4.c,variant8421_3.c,variant8421_2.c
variant7426.c,variant7426_4.c,variant7426_2.c,variant7426_8.c,variant7426_5.c,variant7426_3.c,variant7426_6.c,variant7426_1.c
variant9509.c,variant9509_1.c,variant9509_4.c
variant19375.c,variant19375_1.c,variant19375_4.c,variant19375_3.c,variant19375_5.c
variant8824.c,variant8824_1.c,variant8824_6.c,variant8824_2.c,variant8824_8.c,variant8824_7.c,variant8824_5.c
variant7444.c,variant7444_5.c
variant16299.c,variant16299_2.c
variant12973.c,variant12973_4.c
variant12412.c,variant12412_4.c
variant285.c,variant285_4.c,variant285_2.c
variant9470.c,variant9470_1.c,variant9470_6.c,variant9470_3.c
variant6337.c,variant6337_5.c,variant6337_8.c,variant6337_4.c,variant6337_1.c,variant6337_7.c,variant6337_6.c,variant6337_3.c,variant6337_2.c
variant13588.c,variant13588_4.c,variant13588_3.c,variant13588_8.c,variant13588_2.c,variant13588_5.c,variant13588_7.c,variant13588_1.c,variant13588_6.c
variant15814.c,variant15814_1.c,variant15814_4.c,variant15814_5.c,variant15814_6.c,variant15814_2.c,variant15814_3.c,variant15814_8.c,variant15814_7.c
variant6239.c,variant6239_7.c,variant6239_5.c,variant6239_6.c,variant6239_3.c,variant6239_8.c
variant5798.c,variant5798_3.c,variant5798_8.c,variant5798_1.c,variant5798_5.c,variant5798_2.c,variant5798_7.c,variant5798_6.c,variant5798_4.c
variant2714.c,variant2714_3.c
