variant64212.c,f767a1a2391e60e358ed7d793e091cc1731a5e186
variant6337.c,f767a1a2391e60e358ed7d793e091cc1731a5e186
variant77422.c,f767a1a2391e60e358ed7d793e091cc1731a5e186
variant76941.c,f767a1a2391e60e358ed7d793e091cc1731a5e186
variant76695.c,f767a1a2391e60e358ed7d793e091cc1731a5e186
variant46361.c,f767a1a2391e60e358ed7d793e091cc1731a5e186
variant5798.c,f767a1a2391e60e358ed7d793e091cc1731a5e186
variant33896.c,f767a1a2391e60e358ed7d793e091cc1731a5e186
variant99422.c,f767a1a2391e60e358ed7d793e091cc1731a5e186
variant85873.c,f767a1a2391e60e358ed7d793e091cc1731a5e186
variant9509.c,f767a1a2391e60e358ed7d793e091cc1731a5e186
variant12092.c,f767a1a2391e60e358ed7d793e091cc1731a5e186
variant46965.c,f767a1a2391e60e358ed7d793e091cc1731a5e186
variant7426.c,f767a1a2391e60e358ed7d793e091cc1731a5e186
variant15064.c,f767a1a2391e60e358ed7d793e091cc1731a5e186
variant59852.c,f767a1a2391e60e358ed7d793e091cc1731a5e186
variant71769.c,f767a1a2391e60e358ed7d793e091cc1731a5e186
variant15946.c,f767a1a2391e60e358ed7d793e091cc1731a5e186
variant83144.c,f767a1a2391e60e358ed7d793e091cc1731a5e186
variant8421.c,f767a1a2391e60e358ed7d793e091cc1731a5e186
variant57074.c,f767a1a2391e60e358ed7d793e091cc1731a5e186
variant75977.c,f767a1a2391e60e358ed7d793e091cc1731a5e186
variant92009.c,f767a1a2391e60e358ed7d793e091cc1731a5e186
