variant10605.c,variant10605_2.c,variant10605_5.c,variant10605_7.c,variant10605_6.c,variant10605_3.c,variant10605_4.c
variant15925.c,variant15925_6.c,variant15925_5.c,variant15925_7.c,variant15925_4.c,variant15925_8.c,variant15925_1.c,variant15925_3.c,variant15925_2.c
variant18847.c,variant18847_6.c,variant18847_2.c,variant18847_8.c
variant15660.c,variant15660_1.c,variant15660_7.c,variant15660_6.c,variant15660_5.c,variant15660_2.c,variant15660_8.c,variant15660_3.c,variant15660_4.c
variant11233.c,variant11233_5.c,variant11233_4.c,variant11233_6.c,variant11233_7.c,variant11233_8.c,variant11233_3.c,variant11233_1.c,variant11233_2.c
variant7567.c,variant7567_5.c,variant7567_2.c,variant7567_4.c,variant7567_7.c,variant7567_1.c,variant7567_3.c,variant7567_8.c,variant7567_6.c
variant8025.c,variant8025_6.c,variant8025_3.c,variant8025_5.c,variant8025_4.c,variant8025_7.c,variant8025_2.c,variant8025_8.c,variant8025_1.c
variant12841.c,variant12841_2.c,variant12841_6.c,variant12841_3.c
variant12005.c,variant12005_7.c,variant12005_6.c,variant12005_5.c,variant12005_1.c,variant12005_3.c,variant12005_2.c,variant12005_8.c,variant12005_4.c
variant14673.c,variant14673_8.c,variant14673_2.c,variant14673_5.c,variant14673_6.c,variant14673_1.c,variant14673_7.c,variant14673_4.c,variant14673_3.c
variant19104.c,variant19104_7.c,variant19104_4.c,variant19104_1.c,variant19104_8.c,variant19104_6.c,variant19104_2.c,variant19104_3.c,variant19104_5.c
variant11038.c,variant11038_5.c,variant11038_1.c,variant11038_3.c,variant11038_4.c,variant11038_8.c,variant11038_7.c,variant11038_2.c,variant11038_6.c
variant4357.c,variant4357_1.c,variant4357_3.c,variant4357_4.c,variant4357_2.c,variant4357_5.c,variant4357_6.c,variant4357_8.c,variant4357_7.c
variant2521.c,variant2521_1.c,variant2521_7.c,variant2521_6.c,variant2521_3.c,variant2521_4.c,variant2521_2.c,variant2521_8.c,variant2521_5.c
variant6039.c,variant6039_3.c,variant6039_8.c,variant6039_2.c
variant12608.c,variant12608_6.c
variant9851.c,variant9851_7.c,variant9851_1.c,variant9851_3.c,variant9851_8.c,variant9851_2.c,variant9851_6.c,variant9851_4.c
variant1498.c,variant1498_3.c,variant1498_1.c,variant1498_2.c,variant1498_8.c,variant1498_6.c,variant1498_4.c,variant1498_7.c,variant1498_5.c
variant15707.c,variant15707_1.c,variant15707_4.c,variant15707_7.c,variant15707_6.c
variant12999.c,variant12999_8.c,variant12999_1.c,variant12999_3.c,variant12999_6.c,variant12999_7.c,variant12999_4.c,variant12999_5.c,variant12999_2.c
variant1263.c,variant1263_8.c,variant1263_6.c,variant1263_4.c
variant17789.c,variant17789_1.c,variant17789_4.c,variant17789_5.c
variant6702.c,variant6702_1.c,variant6702_7.c,variant6702_5.c,variant6702_3.c,variant6702_6.c,variant6702_8.c,variant6702_4.c,variant6702_2.c
variant3403.c,variant3403_1.c,variant3403_8.c,variant3403_2.c,variant3403_7.c,variant3403_6.c,variant3403_5.c,variant3403_3.c,variant3403_4.c
variant16022.c,variant16022_1.c,variant16022_5.c,variant16022_4.c,variant16022_6.c,variant16022_8.c,variant16022_2.c,variant16022_7.c
variant7381.c,variant7381_4.c,variant7381_1.c,variant7381_3.c,variant7381_5.c,variant7381_2.c,variant7381_6.c,variant7381_7.c,variant7381_8.c
variant16380.c,variant16380_1.c,variant16380_2.c,variant16380_8.c,variant16380_5.c,variant16380_3.c,variant16380_4.c,variant16380_6.c,variant16380_7.c
variant11199.c,variant11199_1.c,variant11199_5.c,variant11199_4.c
variant7434.c,variant7434_8.c,variant7434_3.c,variant7434_1.c,variant7434_5.c,variant7434_7.c,variant7434_2.c
variant13171.c,variant13171_5.c,variant13171_3.c,variant13171_8.c,variant13171_7.c,variant13171_4.c,variant13171_6.c
variant15128.c,variant15128_5.c,variant15128_3.c,variant15128_8.c,variant15128_2.c,variant15128_6.c,variant15128_1.c,variant15128_4.c,variant15128_7.c
variant6368.c,variant6368_1.c,variant6368_5.c,variant6368_2.c,variant6368_4.c,variant6368_3.c,variant6368_7.c
variant15737.c,variant15737_6.c,variant15737_3.c,variant15737_1.c,variant15737_2.c,variant15737_4.c,variant15737_5.c,variant15737_7.c,variant15737_8.c
variant18166.c,variant18166_3.c
variant4352.c,variant4352_1.c,variant4352_3.c,variant4352_5.c,variant4352_2.c,variant4352_6.c,variant4352_8.c
variant5911.c,variant5911_2.c,variant5911_7.c,variant5911_6.c,variant5911_3.c,variant5911_5.c,variant5911_8.c,variant5911_4.c
variant7406.c,variant7406_7.c,variant7406_6.c,variant7406_2.c,variant7406_4.c,variant7406_1.c,variant7406_3.c,variant7406_5.c,variant7406_8.c
variant19158.c,variant19158_6.c,variant19158_7.c,variant19158_3.c,variant19158_4.c
variant7012.c,variant7012_4.c,variant7012_2.c,variant7012_8.c,variant7012_5.c,variant7012_3.c,variant7012_1.c,variant7012_6.c,variant7012_7.c
variant12879.c,variant12879_5.c,variant12879_8.c,variant12879_2.c,variant12879_4.c,variant12879_7.c
variant18959.c,variant18959_5.c,variant18959_1.c,variant18959_3.c,variant18959_6.c,variant18959_7.c,variant18959_8.c,variant18959_4.c,variant18959_2.c
variant14049.c,variant14049_2.c
variant7036.c,variant7036_7.c,variant7036_2.c,variant7036_8.c
variant9972.c,variant9972_1.c,variant9972_8.c,variant9972_3.c
variant18103.c,variant18103_4.c,variant18103_3.c,variant18103_2.c,variant18103_8.c,variant18103_1.c,variant18103_5.c,variant18103_7.c,variant18103_6.c
variant17052.c,variant17052_6.c
variant10272.c,variant10272_3.c,variant10272_8.c,variant10272_6.c,variant10272_4.c
variant12033.c,variant12033_4.c,variant12033_2.c,variant12033_6.c,variant12033_1.c,variant12033_3.c,variant12033_8.c
variant15275.c,variant15275_4.c,variant15275_1.c
variant12890.c,variant12890_7.c,variant12890_8.c,variant12890_2.c,variant12890_1.c,variant12890_3.c,variant12890_6.c,variant12890_4.c,variant12890_5.c
variant13360.c,variant13360_1.c,variant13360_8.c
variant9888.c,variant9888_3.c
variant6095.c,variant6095_8.c,variant6095_1.c,variant6095_3.c,variant6095_4.c,variant6095_6.c,variant6095_5.c,variant6095_2.c,variant6095_7.c
variant8499.c,variant8499_2.c,variant8499_1.c,variant8499_7.c,variant8499_4.c,variant8499_8.c,variant8499_5.c
variant17858.c,variant17858_3.c,variant17858_1.c,variant17858_8.c,variant17858_5.c,variant17858_4.c,variant17858_2.c,variant17858_7.c,variant17858_6.c
variant1678.c,variant1678_4.c,variant1678_8.c,variant1678_1.c,variant1678_5.c,variant1678_6.c,variant1678_2.c,variant1678_3.c,variant1678_7.c
variant4580.c,variant4580_8.c,variant4580_7.c,variant4580_6.c,variant4580_1.c,variant4580_2.c,variant4580_5.c,variant4580_3.c,variant4580_4.c
variant291.c,variant291_5.c,variant291_1.c,variant291_6.c,variant291_8.c,variant291_4.c,variant291_2.c,variant291_7.c,variant291_3.c
variant4874.c,variant4874_6.c,variant4874_8.c
variant1052.c,variant1052_3.c,variant1052_1.c,variant1052_8.c,variant1052_4.c,variant1052_5.c,variant1052_6.c,variant1052_2.c,variant1052_7.c
variant18710.c,variant18710_5.c,variant18710_1.c,variant18710_4.c,variant18710_2.c,variant18710_6.c,variant18710_3.c
variant5401.c,variant5401_8.c,variant5401_4.c,variant5401_6.c,variant5401_2.c,variant5401_1.c,variant5401_3.c,variant5401_7.c,variant5401_5.c
variant16573.c,variant16573_5.c,variant16573_1.c,variant16573_4.c,variant16573_7.c,variant16573_6.c,variant16573_3.c,variant16573_2.c,variant16573_8.c
variant13830.c,variant13830_2.c,variant13830_7.c,variant13830_8.c,variant13830_1.c,variant13830_4.c,variant13830_3.c,variant13830_5.c
variant19699.c,variant19699_6.c,variant19699_8.c,variant19699_5.c,variant19699_2.c
variant6508.c,variant6508_8.c,variant6508_7.c,variant6508_5.c
variant19504.c,variant19504_8.c,variant19504_2.c,variant19504_5.c,variant19504_6.c,variant19504_1.c,variant19504_7.c,variant19504_3.c,variant19504_4.c
variant16969.c,variant16969_2.c,variant16969_5.c,variant16969_7.c,variant16969_8.c,variant16969_1.c,variant16969_4.c,variant16969_3.c,variant16969_6.c
variant5642.c,variant5642_2.c,variant5642_1.c,variant5642_4.c,variant5642_7.c,variant5642_6.c,variant5642_5.c,variant5642_8.c,variant5642_3.c
variant9309.c,variant9309_7.c,variant9309_8.c,variant9309_1.c,variant9309_4.c,variant9309_6.c,variant9309_3.c,variant9309_5.c
variant11720.c,variant11720_1.c,variant11720_7.c,variant11720_5.c,variant11720_4.c,variant11720_8.c,variant11720_3.c,variant11720_6.c,variant11720_2.c
variant3069.c,variant3069_7.c,variant3069_1.c
variant12074.c,variant12074_8.c,variant12074_6.c,variant12074_7.c,variant12074_3.c,variant12074_4.c
variant3610.c,variant3610_7.c,variant3610_1.c,variant3610_5.c,variant3610_8.c,variant3610_4.c,variant3610_6.c,variant3610_3.c,variant3610_2.c
variant5437.c,variant5437_4.c,variant5437_2.c,variant5437_8.c,variant5437_7.c,variant5437_3.c,variant5437_6.c
variant18807.c,variant18807_1.c,variant18807_6.c,variant18807_7.c,variant18807_5.c,variant18807_2.c,variant18807_4.c,variant18807_8.c,variant18807_3.c
variant19591.c,variant19591_3.c,variant19591_1.c,variant19591_6.c,variant19591_8.c,variant19591_2.c,variant19591_4.c,variant19591_7.c,variant19591_5.c
variant16145.c,variant16145_2.c,variant16145_7.c,variant16145_4.c
variant8959.c,variant8959_3.c,variant8959_8.c,variant8959_7.c,variant8959_6.c,variant8959_2.c,variant8959_5.c,variant8959_4.c,variant8959_1.c
variant3263.c,variant3263_7.c,variant3263_1.c,variant3263_4.c,variant3263_8.c,variant3263_3.c,variant3263_6.c,variant3263_2.c,variant3263_5.c
variant9718.c,variant9718_8.c,variant9718_4.c,variant9718_2.c,variant9718_5.c,variant9718_7.c,variant9718_3.c,variant9718_6.c,variant9718_1.c
variant1997.c,variant1997_2.c,variant1997_1.c,variant1997_8.c,variant1997_5.c,variant1997_7.c,variant1997_4.c,variant1997_6.c,variant1997_3.c
variant4402.c,variant4402_1.c,variant4402_5.c,variant4402_2.c,variant4402_8.c,variant4402_6.c,variant4402_7.c,variant4402_4.c,variant4402_3.c
variant11480.c,variant11480_3.c
variant3211.c,variant3211_1.c,variant3211_2.c,variant3211_3.c,variant3211_6.c,variant3211_4.c,variant3211_8.c,variant3211_5.c
variant9456.c,variant9456_2.c,variant9456_6.c,variant9456_1.c,variant9456_5.c,variant9456_3.c,variant9456_7.c,variant9456_4.c,variant9456_8.c
variant2896.c,variant2896_1.c,variant2896_3.c,variant2896_2.c,variant2896_5.c,variant2896_4.c,variant2896_7.c,variant2896_6.c,variant2896_8.c
variant11652.c,variant11652_3.c,variant11652_7.c,variant11652_5.c,variant11652_2.c,variant11652_6.c
variant10861.c,variant10861_3.c,variant10861_1.c,variant10861_5.c,variant10861_6.c,variant10861_4.c,variant10861_8.c,variant10861_2.c,variant10861_7.c
variant11987.c,variant11987_3.c,variant11987_7.c,variant11987_4.c,variant11987_5.c,variant11987_6.c
variant11397.c,variant11397_2.c,variant11397_7.c,variant11397_3.c,variant11397_8.c,variant11397_6.c,variant11397_5.c,variant11397_4.c
variant14434.c,variant14434_8.c,variant14434_7.c,variant14434_1.c,variant14434_2.c,variant14434_6.c,variant14434_5.c,variant14434_3.c,variant14434_4.c
variant7661.c,variant7661_6.c,variant7661_2.c,variant7661_5.c,variant7661_4.c,variant7661_7.c,variant7661_3.c,variant7661_1.c
variant5571.c,variant5571_7.c,variant5571_4.c,variant5571_8.c,variant5571_2.c,variant5571_1.c
variant17897.c,variant17897_8.c,variant17897_6.c,variant17897_4.c,variant17897_5.c,variant17897_3.c,variant17897_2.c,variant17897_7.c,variant17897_1.c
variant16601.c,variant16601_2.c,variant16601_4.c,variant16601_7.c,variant16601_8.c,variant16601_5.c
variant11133.c,variant11133_7.c,variant11133_5.c,variant11133_6.c,variant11133_2.c,variant11133_1.c,variant11133_3.c,variant11133_4.c,variant11133_8.c
variant13792.c,variant13792_1.c,variant13792_6.c,variant13792_5.c,variant13792_7.c,variant13792_8.c,variant13792_2.c,variant13792_4.c,variant13792_3.c
variant8667.c,variant8667_4.c,variant8667_7.c,variant8667_1.c,variant8667_2.c,variant8667_5.c,variant8667_3.c,variant8667_8.c,variant8667_6.c
variant16470.c,variant16470_3.c,variant16470_4.c,variant16470_2.c,variant16470_6.c
variant17490.c,variant17490_4.c,variant17490_5.c,variant17490_6.c,variant17490_8.c,variant17490_1.c
variant8117.c,variant8117_8.c,variant8117_4.c,variant8117_2.c,variant8117_5.c,variant8117_1.c,variant8117_3.c,variant8117_6.c
variant5180.c,variant5180_4.c,variant5180_3.c,variant5180_2.c,variant5180_8.c,variant5180_7.c,variant5180_1.c,variant5180_5.c
variant18482.c,variant18482_4.c,variant18482_7.c,variant18482_3.c,variant18482_6.c,variant18482_2.c
variant10295.c,variant10295_7.c,variant10295_5.c,variant10295_3.c,variant10295_1.c,variant10295_2.c
variant15718.c,variant15718_1.c,variant15718_3.c,variant15718_6.c,variant15718_8.c,variant15718_5.c,variant15718_2.c
variant6535.c,variant6535_2.c,variant6535_3.c,variant6535_5.c,variant6535_7.c,variant6535_8.c,variant6535_6.c,variant6535_1.c,variant6535_4.c
variant247.c,variant247_6.c,variant247_2.c,variant247_8.c,variant247_3.c,variant247_1.c,variant247_5.c,variant247_7.c
variant9977.c,variant9977_3.c,variant9977_1.c,variant9977_7.c,variant9977_5.c,variant9977_8.c,variant9977_4.c,variant9977_2.c,variant9977_6.c
variant1086.c,variant1086_6.c,variant1086_8.c,variant1086_7.c,variant1086_1.c,variant1086_3.c,variant1086_4.c,variant1086_2.c,variant1086_5.c
variant3490.c,variant3490_6.c,variant3490_1.c,variant3490_2.c,variant3490_7.c
variant9247.c,variant9247_4.c,variant9247_1.c,variant9247_7.c,variant9247_2.c,variant9247_6.c,variant9247_3.c,variant9247_8.c,variant9247_5.c
variant9856.c,variant9856_8.c,variant9856_1.c,variant9856_7.c,variant9856_5.c,variant9856_2.c,variant9856_4.c,variant9856_6.c
variant17310.c,variant17310_8.c,variant17310_6.c,variant17310_2.c,variant17310_3.c
variant4213.c,variant4213_3.c,variant4213_6.c,variant4213_2.c,variant4213_7.c,variant4213_1.c,variant4213_8.c,variant4213_5.c,variant4213_4.c
variant18838.c,variant18838_4.c,variant18838_7.c,variant18838_6.c,variant18838_2.c,variant18838_8.c,variant18838_3.c,variant18838_1.c,variant18838_5.c
variant4658.c,variant4658_6.c,variant4658_8.c,variant4658_1.c,variant4658_5.c,variant4658_2.c,variant4658_3.c,variant4658_4.c,variant4658_7.c
variant3375.c,variant3375_1.c,variant3375_3.c,variant3375_8.c,variant3375_2.c,variant3375_6.c,variant3375_4.c,variant3375_5.c,variant3375_7.c
variant1334.c,variant1334_4.c,variant1334_2.c,variant1334_3.c
variant16678.c,variant16678_6.c,variant16678_3.c,variant16678_1.c,variant16678_5.c,variant16678_4.c,variant16678_8.c,variant16678_7.c,variant16678_2.c
variant6314.c,variant6314_8.c,variant6314_5.c,variant6314_7.c,variant6314_1.c,variant6314_2.c,variant6314_3.c,variant6314_4.c
variant3412.c,variant3412_2.c,variant3412_6.c,variant3412_4.c,variant3412_3.c,variant3412_8.c,variant3412_1.c,variant3412_7.c,variant3412_5.c
variant17970.c,variant17970_6.c,variant17970_7.c,variant17970_5.c,variant17970_3.c,variant17970_8.c
variant15095.c,variant15095_2.c,variant15095_8.c,variant15095_3.c,variant15095_4.c
variant1035.c,variant1035_2.c,variant1035_4.c,variant1035_8.c,variant1035_1.c,variant1035_3.c,variant1035_6.c,variant1035_5.c,variant1035_7.c
variant15011.c,variant15011_3.c,variant15011_8.c,variant15011_5.c,variant15011_6.c
variant19294.c,variant19294_5.c,variant19294_4.c,variant19294_3.c,variant19294_2.c,variant19294_7.c,variant19294_6.c,variant19294_8.c,variant19294_1.c
variant15602.c,variant15602_3.c,variant15602_2.c,variant15602_1.c,variant15602_4.c,variant15602_7.c,variant15602_8.c,variant15602_6.c,variant15602_5.c
variant12887.c,variant12887_7.c,variant12887_6.c,variant12887_4.c,variant12887_8.c,variant12887_5.c
variant2903.c,variant2903_6.c,variant2903_4.c,variant2903_1.c
variant13231.c,variant13231_3.c,variant13231_7.c,variant13231_8.c,variant13231_6.c,variant13231_2.c,variant13231_1.c,variant13231_4.c,variant13231_5.c
variant13388.c,variant13388_5.c,variant13388_8.c,variant13388_6.c,variant13388_7.c,variant13388_2.c,variant13388_1.c,variant13388_4.c,variant13388_3.c
variant5847.c,variant5847_7.c,variant5847_2.c,variant5847_3.c,variant5847_6.c,variant5847_1.c,variant5847_8.c,variant5847_4.c,variant5847_5.c
variant5874.c,variant5874_5.c,variant5874_3.c,variant5874_1.c
variant1192.c,variant1192_1.c,variant1192_2.c,variant1192_4.c,variant1192_8.c,variant1192_6.c,variant1192_3.c,variant1192_7.c,variant1192_5.c
variant19117.c,variant19117_2.c,variant19117_6.c,variant19117_1.c,variant19117_3.c,variant19117_5.c,variant19117_7.c,variant19117_4.c,variant19117_8.c
variant5697.c,variant5697_6.c,variant5697_2.c,variant5697_4.c,variant5697_5.c,variant5697_3.c,variant5697_8.c,variant5697_7.c,variant5697_1.c
variant12284.c,variant12284_4.c,variant12284_3.c,variant12284_8.c,variant12284_7.c,variant12284_2.c,variant12284_5.c,variant12284_6.c
variant11372.c,variant11372_8.c,variant11372_7.c,variant11372_5.c,variant11372_6.c,variant11372_1.c,variant11372_3.c,variant11372_4.c
variant18409.c,variant18409_1.c,variant18409_2.c,variant18409_6.c,variant18409_5.c,variant18409_3.c,variant18409_7.c,variant18409_4.c,variant18409_8.c
variant8085.c,variant8085_8.c,variant8085_3.c,variant8085_4.c,variant8085_7.c,variant8085_1.c,variant8085_2.c,variant8085_5.c,variant8085_6.c
variant8022.c,variant8022_8.c,variant8022_6.c,variant8022_4.c,variant8022_1.c,variant8022_7.c,variant8022_5.c,variant8022_2.c,variant8022_3.c
variant6226.c,variant6226_6.c,variant6226_3.c,variant6226_2.c,variant6226_5.c,variant6226_8.c,variant6226_4.c,variant6226_1.c,variant6226_7.c
variant13679.c,variant13679_5.c,variant13679_3.c,variant13679_6.c,variant13679_7.c,variant13679_8.c,variant13679_2.c,variant13679_4.c,variant13679_1.c
variant8936.c,variant8936_2.c,variant8936_5.c,variant8936_3.c,variant8936_4.c,variant8936_7.c
variant7165.c,variant7165_7.c,variant7165_5.c,variant7165_4.c,variant7165_3.c,variant7165_6.c
variant11167.c,variant11167_2.c
variant2990.c,variant2990_3.c,variant2990_5.c,variant2990_2.c,variant2990_6.c,variant2990_1.c,variant2990_8.c
variant9405.c,variant9405_1.c,variant9405_6.c
variant16993.c,variant16993_3.c,variant16993_4.c,variant16993_5.c,variant16993_8.c,variant16993_7.c
variant16463.c,variant16463_1.c,variant16463_6.c,variant16463_7.c,variant16463_3.c,variant16463_5.c,variant16463_4.c,variant16463_8.c,variant16463_2.c
variant18090.c,variant18090_8.c,variant18090_1.c,variant18090_7.c,variant18090_2.c,variant18090_6.c,variant18090_5.c,variant18090_4.c
variant9390.c,variant9390_5.c,variant9390_1.c
variant2176.c,variant2176_4.c
variant12359.c,variant12359_3.c,variant12359_6.c,variant12359_2.c,variant12359_1.c,variant12359_7.c,variant12359_4.c,variant12359_8.c,variant12359_5.c
variant13774.c,variant13774_2.c,variant13774_1.c,variant13774_8.c,variant13774_4.c,variant13774_5.c
variant5430.c,variant5430_8.c,variant5430_5.c,variant5430_7.c,variant5430_3.c,variant5430_4.c,variant5430_2.c,variant5430_6.c,variant5430_1.c
variant9203.c,variant9203_8.c,variant9203_3.c,variant9203_5.c,variant9203_2.c,variant9203_7.c,variant9203_4.c,variant9203_6.c,variant9203_1.c
variant9942.c,variant9942_8.c,variant9942_4.c
variant14376.c,variant14376_6.c,variant14376_3.c,variant14376_1.c,variant14376_8.c,variant14376_2.c,variant14376_5.c,variant14376_7.c,variant14376_4.c
variant16.c,variant16_3.c,variant16_2.c,variant16_1.c,variant16_8.c,variant16_5.c,variant16_4.c,variant16_6.c,variant16_7.c
variant14868.c,variant14868_5.c,variant14868_6.c,variant14868_2.c
variant10352.c,variant10352_4.c,variant10352_3.c,variant10352_1.c,variant10352_2.c,variant10352_8.c,variant10352_6.c,variant10352_7.c,variant10352_5.c
variant8587.c,variant8587_3.c,variant8587_1.c,variant8587_4.c,variant8587_8.c
variant1670.c,variant1670_4.c,variant1670_8.c,variant1670_2.c,variant1670_3.c
variant4081.c,variant4081_2.c,variant4081_3.c,variant4081_6.c,variant4081_4.c,variant4081_1.c
variant9917.c,variant9917_4.c,variant9917_1.c,variant9917_6.c
variant1789.c,variant1789_8.c,variant1789_1.c,variant1789_7.c,variant1789_5.c,variant1789_4.c,variant1789_6.c,variant1789_3.c,variant1789_2.c
variant10457.c,variant10457_8.c,variant10457_4.c,variant10457_3.c,variant10457_1.c,variant10457_2.c,variant10457_6.c,variant10457_5.c
variant19290.c,variant19290_2.c,variant19290_1.c,variant19290_7.c,variant19290_5.c,variant19290_6.c,variant19290_3.c,variant19290_8.c,variant19290_4.c
variant13605.c,variant13605_6.c,variant13605_7.c,variant13605_5.c,variant13605_3.c,variant13605_4.c,variant13605_1.c,variant13605_2.c,variant13605_8.c
variant19520.c,variant19520_7.c,variant19520_6.c,variant19520_2.c,variant19520_8.c,variant19520_1.c,variant19520_5.c,variant19520_4.c,variant19520_3.c
variant335.c,variant335_3.c,variant335_8.c,variant335_7.c,variant335_4.c,variant335_2.c,variant335_5.c,variant335_1.c,variant335_6.c
variant7069.c,variant7069_5.c,variant7069_6.c,variant7069_8.c
variant1591.c,variant1591_2.c
variant17110.c,variant17110_5.c,variant17110_7.c,variant17110_8.c,variant17110_3.c
variant12018.c,variant12018_1.c,variant12018_8.c,variant12018_7.c,variant12018_3.c,variant12018_6.c,variant12018_4.c,variant12018_5.c
variant11650.c,variant11650_7.c,variant11650_2.c,variant11650_8.c,variant11650_3.c,variant11650_5.c,variant11650_6.c,variant11650_1.c
variant14437.c,variant14437_7.c,variant14437_2.c,variant14437_8.c,variant14437_6.c,variant14437_3.c,variant14437_5.c,variant14437_4.c
variant15483.c,variant15483_2.c,variant15483_6.c
variant15391.c,variant15391_3.c,variant15391_2.c,variant15391_7.c,variant15391_4.c,variant15391_8.c,variant15391_5.c,variant15391_6.c,variant15391_1.c
variant480.c,variant480_3.c,variant480_6.c,variant480_4.c,variant480_5.c,variant480_7.c,variant480_1.c,variant480_8.c,variant480_2.c
variant1817.c,variant1817_8.c,variant1817_5.c,variant1817_7.c,variant1817_3.c,variant1817_1.c,variant1817_4.c,variant1817_2.c,variant1817_6.c
variant19733.c,variant19733_3.c,variant19733_4.c,variant19733_6.c,variant19733_7.c,variant19733_1.c
variant16197.c,variant16197_7.c,variant16197_4.c,variant16197_2.c,variant16197_1.c
variant3598.c,variant3598_1.c,variant3598_7.c,variant3598_3.c,variant3598_6.c,variant3598_4.c,variant3598_5.c,variant3598_8.c,variant3598_2.c
variant15440.c,variant15440_5.c,variant15440_3.c,variant15440_1.c,variant15440_7.c,variant15440_4.c,variant15440_8.c,variant15440_2.c,variant15440_6.c
variant11607.c,variant11607_1.c,variant11607_6.c,variant11607_2.c,variant11607_3.c,variant11607_8.c,variant11607_4.c,variant11607_5.c,variant11607_7.c
variant2198.c,variant2198_1.c,variant2198_8.c,variant2198_3.c,variant2198_5.c,variant2198_2.c,variant2198_6.c,variant2198_7.c,variant2198_4.c
variant1633.c,variant1633_1.c,variant1633_8.c,variant1633_6.c,variant1633_5.c,variant1633_2.c,variant1633_3.c,variant1633_4.c
variant12597.c,variant12597_6.c,variant12597_4.c,variant12597_7.c,variant12597_5.c,variant12597_2.c,variant12597_8.c,variant12597_3.c,variant12597_1.c
variant12301.c,variant12301_5.c,variant12301_2.c,variant12301_1.c,variant12301_6.c,variant12301_7.c,variant12301_3.c,variant12301_4.c,variant12301_8.c
variant3692.c,variant3692_7.c,variant3692_3.c,variant3692_1.c,variant3692_6.c,variant3692_2.c,variant3692_4.c,variant3692_5.c,variant3692_8.c
variant10035.c,variant10035_3.c,variant10035_4.c,variant10035_1.c,variant10035_5.c,variant10035_8.c,variant10035_7.c,variant10035_6.c,variant10035_2.c
variant9393.c,variant9393_8.c,variant9393_6.c,variant9393_7.c,variant9393_3.c,variant9393_5.c
variant4894.c,variant4894_2.c,variant4894_5.c,variant4894_7.c,variant4894_4.c,variant4894_6.c,variant4894_3.c,variant4894_8.c,variant4894_1.c
variant8543.c,variant8543_7.c,variant8543_8.c,variant8543_6.c,variant8543_3.c,variant8543_5.c,variant8543_1.c,variant8543_4.c
variant624.c,variant624_8.c,variant624_1.c,variant624_5.c,variant624_2.c,variant624_6.c,variant624_7.c,variant624_4.c
variant3039.c,variant3039_3.c,variant3039_2.c,variant3039_8.c,variant3039_5.c,variant3039_7.c,variant3039_4.c,variant3039_1.c,variant3039_6.c
variant14358.c,variant14358_8.c,variant14358_4.c,variant14358_5.c,variant14358_1.c
variant1639.c,variant1639_4.c
variant7183.c,variant7183_7.c,variant7183_8.c,variant7183_5.c,variant7183_4.c,variant7183_1.c,variant7183_6.c,variant7183_3.c
variant14831.c,variant14831_2.c,variant14831_4.c,variant14831_8.c,variant14831_1.c,variant14831_3.c,variant14831_6.c,variant14831_7.c,variant14831_5.c
variant17003.c,variant17003_2.c,variant17003_6.c,variant17003_7.c,variant17003_8.c,variant17003_4.c,variant17003_1.c,variant17003_3.c,variant17003_5.c
variant5719.c,variant5719_7.c,variant5719_1.c,variant5719_8.c,variant5719_4.c,variant5719_2.c
variant9427.c,variant9427_4.c,variant9427_8.c,variant9427_7.c,variant9427_2.c,variant9427_1.c,variant9427_3.c,variant9427_6.c,variant9427_5.c
variant12460.c,variant12460_8.c,variant12460_4.c,variant12460_1.c,variant12460_7.c,variant12460_2.c,variant12460_3.c
variant2653.c,variant2653_7.c,variant2653_2.c
variant2959.c,variant2959_1.c,variant2959_7.c,variant2959_3.c,variant2959_5.c,variant2959_6.c,variant2959_2.c,variant2959_8.c
variant17886.c,variant17886_6.c,variant17886_2.c,variant17886_8.c,variant17886_7.c,variant17886_5.c,variant17886_3.c,variant17886_4.c
variant1564.c,variant1564_6.c,variant1564_3.c,variant1564_1.c,variant1564_5.c
variant14366.c,variant14366_1.c,variant14366_2.c,variant14366_8.c,variant14366_4.c,variant14366_7.c,variant14366_3.c,variant14366_6.c
variant17044.c,variant17044_8.c,variant17044_1.c
variant4887.c,variant4887_3.c,variant4887_5.c,variant4887_6.c,variant4887_7.c,variant4887_2.c
variant8132.c,variant8132_1.c,variant8132_3.c,variant8132_4.c,variant8132_6.c,variant8132_5.c,variant8132_2.c
variant2036.c,variant2036_1.c,variant2036_3.c,variant2036_8.c,variant2036_5.c,variant2036_7.c,variant2036_2.c,variant2036_6.c,variant2036_4.c
variant4777.c,variant4777_7.c,variant4777_1.c,variant4777_6.c,variant4777_3.c,variant4777_4.c,variant4777_2.c,variant4777_8.c,variant4777_5.c
variant19750.c,variant19750_8.c,variant19750_6.c
variant16453.c,variant16453_2.c
variant16603.c,variant16603_8.c
variant16532.c,variant16532_8.c
variant1594.c,variant1594_7.c,variant1594_8.c,variant1594_6.c,variant1594_2.c,variant1594_4.c,variant1594_1.c
variant14346.c,variant14346_3.c,variant14346_1.c,variant14346_8.c,variant14346_2.c,variant14346_7.c,variant14346_5.c
variant3345.c,variant3345_1.c,variant3345_8.c,variant3345_6.c,variant3345_2.c,variant3345_5.c,variant3345_4.c,variant3345_3.c,variant3345_7.c
variant9070.c,variant9070_7.c,variant9070_1.c,variant9070_5.c,variant9070_8.c,variant9070_6.c,variant9070_2.c,variant9070_4.c,variant9070_3.c
variant5171.c,variant5171_2.c,variant5171_3.c,variant5171_5.c,variant5171_6.c,variant5171_1.c,variant5171_8.c,variant5171_7.c,variant5171_4.c
variant7264.c,variant7264_3.c,variant7264_8.c,variant7264_1.c,variant7264_4.c,variant7264_7.c,variant7264_2.c,variant7264_5.c,variant7264_6.c
variant19387.c,variant19387_6.c,variant19387_2.c,variant19387_4.c,variant19387_3.c,variant19387_1.c,variant19387_7.c,variant19387_5.c,variant19387_8.c
variant16160.c,variant16160_7.c,variant16160_1.c,variant16160_5.c
variant2904.c,variant2904_6.c,variant2904_2.c,variant2904_1.c,variant2904_4.c,variant2904_3.c,variant2904_7.c
variant15108.c,variant15108_2.c,variant15108_5.c,variant15108_7.c,variant15108_8.c,variant15108_4.c,variant15108_1.c,variant15108_6.c,variant15108_3.c
variant6364.c,variant6364_2.c,variant6364_8.c,variant6364_6.c,variant6364_5.c,variant6364_1.c
variant12030.c,variant12030_1.c,variant12030_5.c,variant12030_6.c,variant12030_3.c,variant12030_7.c,variant12030_8.c
variant1682.c,variant1682_5.c
variant11761.c,variant11761_4.c,variant11761_6.c,variant11761_5.c,variant11761_7.c,variant11761_8.c,variant11761_2.c,variant11761_3.c,variant11761_1.c
variant13699.c,variant13699_3.c
variant15968.c,variant15968_4.c,variant15968_5.c,variant15968_1.c,variant15968_6.c,variant15968_8.c
variant5310.c,variant5310_5.c,variant5310_1.c,variant5310_4.c,variant5310_2.c,variant5310_6.c,variant5310_3.c,variant5310_7.c,variant5310_8.c
variant12522.c,variant12522_1.c
variant1009.c,variant1009_3.c,variant1009_5.c,variant1009_7.c,variant1009_2.c,variant1009_1.c,variant1009_6.c,variant1009_8.c,variant1009_4.c
variant12552.c,variant12552_4.c,variant12552_5.c,variant12552_7.c,variant12552_3.c,variant12552_8.c,variant12552_6.c,variant12552_1.c,variant12552_2.c
variant16259.c,variant16259_3.c,variant16259_1.c,variant16259_5.c,variant16259_4.c
variant4903.c,variant4903_3.c,variant4903_7.c,variant4903_1.c,variant4903_2.c,variant4903_5.c,variant4903_4.c,variant4903_8.c,variant4903_6.c
variant3885.c,variant3885_1.c,variant3885_7.c,variant3885_8.c,variant3885_6.c,variant3885_5.c,variant3885_3.c,variant3885_2.c,variant3885_4.c
variant13491.c,variant13491_8.c,variant13491_5.c,variant13491_7.c,variant13491_3.c,variant13491_4.c,variant13491_1.c,variant13491_6.c
variant9428.c,variant9428_3.c,variant9428_1.c,variant9428_6.c,variant9428_5.c
variant12526.c,variant12526_3.c,variant12526_7.c,variant12526_5.c,variant12526_6.c
variant2279.c,variant2279_5.c,variant2279_8.c,variant2279_6.c,variant2279_1.c,variant2279_2.c,variant2279_7.c,variant2279_3.c
variant5520.c,variant5520_6.c,variant5520_7.c,variant5520_1.c,variant5520_4.c,variant5520_3.c,variant5520_8.c,variant5520_5.c,variant5520_2.c
variant2098.c,variant2098_2.c
variant17268.c,variant17268_2.c,variant17268_4.c,variant17268_8.c,variant17268_7.c,variant17268_6.c,variant17268_1.c,variant17268_5.c,variant17268_3.c
variant3165.c,variant3165_3.c
variant13614.c,variant13614_6.c,variant13614_4.c,variant13614_5.c,variant13614_7.c,variant13614_8.c,variant13614_3.c,variant13614_1.c,variant13614_2.c
variant13453.c,variant13453_5.c,variant13453_4.c,variant13453_3.c,variant13453_8.c,variant13453_7.c,variant13453_6.c,variant13453_2.c,variant13453_1.c
variant16661.c,variant16661_7.c,variant16661_5.c,variant16661_6.c,variant16661_3.c,variant16661_4.c,variant16661_2.c,variant16661_1.c
variant6259.c,variant6259_5.c,variant6259_2.c,variant6259_7.c,variant6259_4.c,variant6259_1.c,variant6259_6.c,variant6259_3.c,variant6259_8.c
variant2405.c,variant2405_3.c,variant2405_6.c,variant2405_4.c,variant2405_7.c,variant2405_2.c,variant2405_5.c,variant2405_1.c,variant2405_8.c
variant3975.c,variant3975_1.c,variant3975_4.c,variant3975_2.c,variant3975_3.c,variant3975_8.c,variant3975_6.c,variant3975_7.c,variant3975_5.c
variant18091.c,variant18091_5.c,variant18091_2.c,variant18091_8.c,variant18091_1.c,variant18091_6.c,variant18091_7.c,variant18091_3.c,variant18091_4.c
variant7829.c,variant7829_5.c,variant7829_6.c,variant7829_2.c,variant7829_3.c
variant2960.c,variant2960_1.c,variant2960_7.c,variant2960_4.c,variant2960_5.c,variant2960_6.c,variant2960_3.c,variant2960_2.c,variant2960_8.c
variant6447.c,variant6447_5.c,variant6447_1.c,variant6447_3.c,variant6447_7.c
variant7723.c,variant7723_4.c
variant2768.c,variant2768_5.c,variant2768_2.c,variant2768_1.c,variant2768_3.c,variant2768_8.c,variant2768_6.c
variant5974.c,variant5974_5.c,variant5974_7.c,variant5974_6.c,variant5974_1.c,variant5974_2.c,variant5974_4.c,variant5974_8.c,variant5974_3.c
variant2151.c,variant2151_1.c,variant2151_5.c,variant2151_2.c,variant2151_8.c,variant2151_4.c,variant2151_3.c,variant2151_7.c
variant18779.c,variant18779_2.c
variant17062.c,variant17062_1.c,variant17062_7.c,variant17062_4.c,variant17062_8.c,variant17062_6.c,variant17062_2.c,variant17062_3.c,variant17062_5.c
variant19074.c,variant19074_5.c,variant19074_1.c,variant19074_3.c,variant19074_2.c,variant19074_7.c,variant19074_8.c,variant19074_4.c,variant19074_6.c
variant17503.c,variant17503_2.c,variant17503_1.c,variant17503_6.c,variant17503_5.c,variant17503_7.c,variant17503_4.c,variant17503_3.c,variant17503_8.c
variant4188.c,variant4188_4.c,variant4188_2.c,variant4188_6.c,variant4188_5.c,variant4188_8.c,variant4188_7.c,variant4188_3.c,variant4188_1.c
variant8764.c,variant8764_3.c,variant8764_4.c,variant8764_7.c,variant8764_1.c,variant8764_2.c,variant8764_6.c
variant4237.c,variant4237_2.c,variant4237_7.c,variant4237_4.c,variant4237_5.c,variant4237_8.c,variant4237_6.c,variant4237_1.c,variant4237_3.c
variant7963.c,variant7963_4.c,variant7963_1.c
variant19928.c,variant19928_7.c,variant19928_4.c,variant19928_2.c,variant19928_3.c,variant19928_8.c,variant19928_6.c
variant9504.c,variant9504_8.c,variant9504_3.c,variant9504_4.c,variant9504_2.c,variant9504_6.c,variant9504_1.c,variant9504_5.c
variant109.c,variant109_8.c,variant109_2.c,variant109_1.c,variant109_3.c,variant109_4.c,variant109_5.c,variant109_7.c
variant18444.c,variant18444_3.c,variant18444_5.c,variant18444_7.c,variant18444_8.c,variant18444_2.c,variant18444_6.c,variant18444_4.c,variant18444_1.c
variant19522.c,variant19522_2.c,variant19522_6.c,variant19522_7.c,variant19522_3.c,variant19522_1.c,variant19522_5.c,variant19522_8.c,variant19522_4.c
variant1790.c,variant1790_1.c,variant1790_2.c,variant1790_8.c,variant1790_4.c,variant1790_3.c,variant1790_7.c,variant1790_6.c,variant1790_5.c
variant13693.c,variant13693_2.c,variant13693_6.c,variant13693_7.c,variant13693_5.c,variant13693_4.c,variant13693_1.c,variant13693_3.c,variant13693_8.c
variant5940.c,variant5940_6.c,variant5940_4.c,variant5940_8.c,variant5940_2.c,variant5940_5.c,variant5940_3.c
variant18471.c,variant18471_8.c,variant18471_5.c,variant18471_7.c,variant18471_2.c,variant18471_6.c
variant16134.c,variant16134_1.c,variant16134_6.c,variant16134_3.c,variant16134_4.c,variant16134_8.c,variant16134_7.c,variant16134_2.c,variant16134_5.c
