variant285.c,variant285_4.c,variant285_2.c
variant8421.c,variant8421_5.c,variant8421_3.c,variant8421_7.c,variant8421_4.c,variant8421_8.c,variant8421_2.c
variant15064.c,variant15064_2.c,variant15064_3.c,variant15064_4.c,variant15064_6.c,variant15064_8.c,variant15064_7.c,variant15064_5.c,variant15064_1.c
variant7444.c,variant7444_5.c
variant6337.c,variant6337_3.c,variant6337_8.c,variant6337_2.c,variant6337_7.c,variant6337_5.c,variant6337_1.c,variant6337_4.c,variant6337_6.c
variant15946.c,variant15946_3.c,variant15946_4.c,variant15946_6.c,variant15946_1.c,variant15946_5.c,variant15946_2.c,variant15946_8.c,variant15946_7.c
variant9509.c,variant9509_4.c,variant9509_1.c
variant7426.c,variant7426_3.c,variant7426_1.c,variant7426_8.c,variant7426_6.c,variant7426_2.c,variant7426_5.c,variant7426_4.c
variant12973.c,variant12973_4.c
variant12412.c,variant12412_4.c
variant5798.c,variant5798_7.c,variant5798_4.c,variant5798_1.c,variant5798_2.c,variant5798_3.c,variant5798_8.c,variant5798_6.c,variant5798_5.c
